family,task,metric,protocol,model,value,std,ci_low,ci_high,skill,skill_ci_low,skill_ci_high,n_runs,n,baseline,higher_is_better,unit
classification,mode/linear_probe@0.2,accuracy,linear_probe,KinematicRef,0.7462686567164178,0.010553832555023011,0.6640858208955225,0.8134328358208955,0.07279411764705866,-0.2029944960440316,0.2960657015618242,2,134,handcrafted_gbdt,True,fraction
classification,mode/linear_probe@0.2,accuracy,linear_probe,baseline:handcrafted_gbdt,0.7238805970149254,0.031661497665069344,0.6379664179104478,0.7985074626865671,,,,2,134,,True,fraction
classification,mode/linear_probe@0.2,accuracy,linear_probe,baseline:majority,0.5895522388059702,0.0,0.5074626865671642,0.6717350746268658,,,,2,134,,True,fraction
classification,mode/linear_probe@0.2,balanced_accuracy,linear_probe,KinematicRef,0.625919929349426,0.062488506244392616,0.4804491586553872,0.8383687232905983,0.1326226439453843,-0.2503025949887492,0.3928832680564735,2,134,handcrafted_gbdt,True,fraction
classification,mode/linear_probe@0.2,balanced_accuracy,linear_probe,baseline:handcrafted_gbdt,0.569395790403297,0.009226525780422016,0.48907867358120977,0.8032030790119122,,,,2,134,,True,fraction
classification,mode/linear_probe@0.2,balanced_accuracy,linear_probe,baseline:majority,0.25,0.0,0.25,0.3333333333333333,,,,2,134,,True,fraction
classification,mode/linear_probe@0.2,cls_nll,linear_probe,KinematicRef,0.6290958947355326,0.0067614744874082726,0.49889094246978605,0.7815816745087021,1.1754741619581137,0.6761022980826317,1.7811461057036309,2,134,handcrafted_gbdt,False,nats
classification,mode/linear_probe@0.2,cls_nll,linear_probe,baseline:handcrafted_gbdt,1.8045700566936462,0.008113686489962512,1.2425808696199367,2.4813936776481893,,,,2,134,,False,nats
classification,mode/linear_probe@0.2,cls_nll,linear_probe,baseline:majority,0.9459792333946235,0.0,0.8553644017578861,1.0420598173243287,,,,2,134,,False,nats
classification,mode/linear_probe@0.2,ece,linear_probe,KinematicRef,0.08701357487226968,0.009243325501835011,0.05870215848324992,0.17798742800720385,0.6230493876577929,0.2765943428820713,0.7397425466563774,2,134,handcrafted_gbdt,False,fraction
classification,mode/linear_probe@0.2,ece,linear_probe,baseline:handcrafted_gbdt,0.2326720626176021,0.04396188092531876,0.1707072854113429,0.3178302947796398,,,,2,134,,False,fraction
classification,mode/linear_probe@0.2,ece,linear_probe,baseline:majority,0.0632442557433639,0.0,0.003915208859175505,0.14542709156425945,,,,2,134,,False,fraction
classification,mode/linear_probe@0.2,macro_f1,linear_probe,KinematicRef,0.6371102115891942,0.08779963767212849,0.4681795102367585,0.8127952144153501,0.1794029460366374,-0.319793241423055,0.4036048397555648,2,134,handcrafted_gbdt,True,fraction
classification,mode/linear_probe@0.2,macro_f1,linear_probe,baseline:handcrafted_gbdt,0.5604032398807708,0.03004755690128111,0.48286324682688253,0.7881801353996276,,,,2,134,,True,fraction
classification,mode/linear_probe@0.2,macro_f1,linear_probe,baseline:majority,0.18544600938967137,0.0,0.1683087027914614,0.2560066984904215,,,,2,134,,True,fraction
classification,mode/linear_probe@1,accuracy,linear_probe,KinematicRef,0.7388059701492538,,0.6565298507462687,0.8059701492537313,-0.16666666666666666,-0.6006250000000003,0.1430735930735935,1,134,handcrafted_gbdt,True,fraction
classification,mode/linear_probe@1,accuracy,linear_probe,baseline:handcrafted_gbdt,0.7761194029850746,,0.7014925373134329,0.8507462686567164,,,,1,134,,True,fraction
classification,mode/linear_probe@1,accuracy,linear_probe,baseline:majority,0.5895522388059702,,0.5,0.6718283582089554,,,,1,134,,True,fraction
classification,mode/linear_probe@1,balanced_accuracy,linear_probe,KinematicRef,0.5839932293199882,,0.5050081973820738,0.8200316350316351,-0.004674392151286935,-0.26510552508958196,0.1354859532824619,1,134,handcrafted_gbdt,True,fraction
classification,mode/linear_probe@1,balanced_accuracy,linear_probe,baseline:handcrafted_gbdt,0.5859287606711805,,0.5056045422201139,0.8497782701948755,,,,1,134,,True,fraction
classification,mode/linear_probe@1,balanced_accuracy,linear_probe,baseline:majority,0.25,,0.25,0.3333333333333333,,,,1,134,,True,fraction
classification,mode/linear_probe@1,cls_nll,linear_probe,KinematicRef,0.5900306547197843,,0.48053148516477623,0.7063262722056635,0.7662185314394104,0.28531381274960027,1.264048276189627,1,134,handcrafted_gbdt,False,nats
classification,mode/linear_probe@1,cls_nll,linear_probe,baseline:handcrafted_gbdt,1.3562491861591948,,0.8764202679830302,1.9408798012577573,,,,1,134,,False,nats
classification,mode/linear_probe@1,cls_nll,linear_probe,baseline:majority,0.9423935713703745,,0.8488781210505085,1.0284773489211385,,,,1,134,,False,nats
classification,mode/linear_probe@1,ece,linear_probe,KinematicRef,0.0664411401696931,,0.05607926306065044,0.15961559517352106,0.6353684095735532,0.05944808259493317,0.7241482202830026,1,134,handcrafted_gbdt,False,fraction
classification,mode/linear_probe@1,ece,linear_probe,baseline:handcrafted_gbdt,0.18221443756968053,,0.12530959991594498,0.26534784536759193,,,,1,134,,False,fraction
classification,mode/linear_probe@1,ece,linear_probe,baseline:majority,0.061161133854598315,,0.005889460151564518,0.14343725325758344,,,,1,134,,False,fraction
classification,mode/linear_probe@1,macro_f1,linear_probe,KinematicRef,0.5578704154416299,,0.46187036593074515,0.7857189407163832,-0.08282817516118879,-0.5593026775017029,0.09620439425970805,1,134,handcrafted_gbdt,True,fraction
classification,mode/linear_probe@1,macro_f1,linear_probe,baseline:handcrafted_gbdt,0.5916899885870118,,0.50306952955581,0.8497567885162257,,,,1,134,,True,fraction
classification,mode/linear_probe@1,macro_f1,linear_probe,baseline:majority,0.18544600938967137,,0.16666666666666666,0.2550395298693612,,,,1,134,,True,fraction
classification,mode/native@0.2,accuracy,native,WeakRef,0.6194029850746269,0.0,0.5297574626865671,0.7091417910447763,-0.3875000000000002,-0.8192089582714583,-0.06378205128205122,2,134,handcrafted_gbdt,True,fraction
classification,mode/native@0.2,accuracy,native,baseline:handcrafted_gbdt,0.7238805970149254,0.031661497665069344,0.6379664179104478,0.7985074626865671,,,,2,134,,True,fraction
classification,mode/native@0.2,accuracy,native,baseline:majority,0.5895522388059702,0.0,0.5074626865671642,0.6717350746268658,,,,2,134,,True,fraction
classification,mode/native@0.2,balanced_accuracy,native,WeakRef,0.7690830144244922,0.0,0.6550918498281304,0.8314467588765122,0.46361414698982595,-0.4287667242811006,0.586585492931399,2,134,handcrafted_gbdt,True,fraction
classification,mode/native@0.2,balanced_accuracy,native,baseline:handcrafted_gbdt,0.569395790403297,0.009226525780422016,0.48907867358120977,0.8032030790119122,,,,2,134,,True,fraction
classification,mode/native@0.2,balanced_accuracy,native,baseline:majority,0.25,0.0,0.25,0.3333333333333333,,,,2,134,,True,fraction
classification,mode/native@0.2,cls_nll,native,WeakRef,0.9060075242299265,0.0,0.8114500582032567,1.0121719388906043,0.8985625324637199,0.34347393682647065,1.5255286000129438,2,134,handcrafted_gbdt,False,nats
classification,mode/native@0.2,cls_nll,native,baseline:handcrafted_gbdt,1.8045700566936462,0.008113686489962512,1.2425808696199367,2.4813936776481893,,,,2,134,,False,nats
classification,mode/native@0.2,cls_nll,native,baseline:majority,0.9459792333946235,0.0,0.8553644017578861,1.0420598173243287,,,,2,134,,False,nats
classification,mode/native@0.2,ece,native,WeakRef,0.11356289867565247,0.0,0.06238230425248159,0.19665624415758837,0.5030481258606452,0.07420019900969999,0.7421039054672649,2,134,handcrafted_gbdt,False,fraction
classification,mode/native@0.2,ece,native,baseline:handcrafted_gbdt,0.2326720626176021,0.04396188092531876,0.1707072854113429,0.3178302947796398,,,,2,134,,False,fraction
classification,mode/native@0.2,ece,native,baseline:majority,0.0632442557433639,0.0,0.003915208859175505,0.14542709156425945,,,,2,134,,False,fraction
classification,mode/native@0.2,macro_f1,native,WeakRef,0.5289229666458235,0.0,0.4290356335646549,0.68708898277887,-0.07412088852423902,-0.6595174396124106,0.15380481597644519,2,134,handcrafted_gbdt,True,fraction
classification,mode/native@0.2,macro_f1,native,baseline:handcrafted_gbdt,0.5604032398807708,0.03004755690128111,0.48286324682688253,0.7881801353996276,,,,2,134,,True,fraction
classification,mode/native@0.2,macro_f1,native,baseline:majority,0.18544600938967137,0.0,0.1683087027914614,0.2560066984904215,,,,2,134,,True,fraction
classification,mode/native@1,accuracy,native,WeakRef,0.6194029850746269,,0.5223880597014925,0.7091417910447763,-0.7000000000000001,-1.4002272727272727,-0.24951923076923055,1,134,handcrafted_gbdt,True,fraction
classification,mode/native@1,accuracy,native,baseline:handcrafted_gbdt,0.7761194029850746,,0.7014925373134329,0.8507462686567164,,,,1,134,,True,fraction
classification,mode/native@1,accuracy,native,baseline:majority,0.5895522388059702,,0.5,0.6718283582089554,,,,1,134,,True,fraction
classification,mode/native@1,balanced_accuracy,native,WeakRef,0.7690830144244922,,0.6525623614190688,0.8272395457983889,0.44232546566187975,-0.7296535210914014,0.5716912983890211,1,134,handcrafted_gbdt,True,fraction
classification,mode/native@1,balanced_accuracy,native,baseline:handcrafted_gbdt,0.5859287606711805,,0.5056045422201139,0.8497782701948755,,,,1,134,,True,fraction
classification,mode/native@1,balanced_accuracy,native,baseline:majority,0.25,,0.25,0.3333333333333333,,,,1,134,,True,fraction
classification,mode/native@1,cls_nll,native,WeakRef,0.9060075242299265,,0.8123777809247726,1.0126361330820395,0.4502416619292683,-0.02847706283704375,0.957303432323977,1,134,handcrafted_gbdt,False,nats
classification,mode/native@1,cls_nll,native,baseline:handcrafted_gbdt,1.3562491861591948,,0.8764202679830302,1.9408798012577573,,,,1,134,,False,nats
classification,mode/native@1,cls_nll,native,baseline:majority,0.9423935713703745,,0.8488781210505085,1.0284773489211385,,,,1,134,,False,nats
classification,mode/native@1,ece,native,WeakRef,0.11356289867565247,,0.055346971635604716,0.19497659756208344,0.3767623455620801,-0.1801683917416582,0.6745044108983619,1,134,handcrafted_gbdt,False,fraction
classification,mode/native@1,ece,native,baseline:handcrafted_gbdt,0.18221443756968053,,0.12530959991594498,0.26534784536759193,,,,1,134,,False,fraction
classification,mode/native@1,ece,native,baseline:majority,0.061161133854598315,,0.005889460151564518,0.14343725325758344,,,,1,134,,False,fraction
classification,mode/native@1,macro_f1,native,WeakRef,0.5289229666458235,,0.42058999614932036,0.6945616410264023,-0.15372393570262513,-1.0544652211541414,0.11266375946092064,1,134,handcrafted_gbdt,True,fraction
classification,mode/native@1,macro_f1,native,baseline:handcrafted_gbdt,0.5916899885870118,,0.50306952955581,0.8497567885162257,,,,1,134,,True,fraction
classification,mode/native@1,macro_f1,native,baseline:majority,0.18544600938967137,,0.16666666666666666,0.2550395298693612,,,,1,134,,True,fraction
continuous,continuous/duration,coverage80,native,KinematicRef,0.864406779661017,,0.7457627118644068,0.9491525423728814,,,,1,59,train_marginal,True,fraction
continuous,continuous/duration,coverage80,native,baseline:train_marginal,0.8813559322033898,,0.7792372881355932,0.9661016949152542,,,,1,59,,True,fraction
continuous,continuous/duration,crps_min,native,KinematicRef,159.0090497499327,,145.66441241980573,171.0452124377755,-0.05342286328415358,-0.13376955769854457,0.022171017698754437,1,59,train_marginal,False,min
continuous,continuous/duration,crps_min,native,WeakRef,120.94846373176844,,98.00846366239806,144.18237766692195,0.19872562489674872,0.03284662790150382,0.38059251732998073,1,59,train_marginal,False,min
continuous,continuous/duration,crps_min,native,baseline:train_marginal,150.94512877213023,,144.0412298545437,158.97107966955608,,,,1,59,,False,min
continuous,continuous/duration,mae_min,native,KinematicRef,152.0008352085145,,126.87963051082164,175.76072633827508,-0.8629025144118716,-1.2937711496401194,-0.573971648433578,1,59,train_marginal,False,min
continuous,continuous/duration,mae_min,native,WeakRef,120.94846373176844,,98.00846366239806,144.18237766692195,-0.4823286785962555,-1.0060210246782177,-0.11857604540129692,1,59,train_marginal,False,min
continuous,continuous/duration,mae_min,native,baseline:train_marginal,81.59355308858015,,66.8143053001401,100.47042350789418,,,,1,59,,False,min
continuous,continuous/duration,nll,native,KinematicRef,6.382839678424387,,6.288561796010278,6.469321652779474,-0.18026442535927334,-0.31828852523283424,-0.03584514555852988,1,59,train_marginal,False,nats
continuous,continuous/duration,nll,native,baseline:train_marginal,6.202575253065113,,6.048314306256599,6.402673591933676,,,,1,59,,False,nats
continuous,continuous/duration,pit_ks,native,KinematicRef,0.4281538381716028,,0.3773063805444842,0.48307361899964446,,,,1,59,train_marginal,False,stat
continuous,continuous/duration,pit_ks,native,baseline:train_marginal,0.39254063247702486,,0.3573478209703833,0.46033724264651643,,,,1,59,,False,stat
continuous,continuous/duration,pseudo_nll,native,WeakRef,7.1528539223128735,,7.1366967605890475,7.172287890514274,,,,1,59,,False,nats
continuous,continuous/duration,rmse_min,native,KinematicRef,179.8268927031285,,154.40689734747713,201.6691504021944,-0.7340783433749714,-1.0753230210592957,-0.4954377303742255,1,59,train_marginal,False,min
continuous,continuous/duration,rmse_min,native,WeakRef,149.35076702430518,,121.09760741338664,177.47103160026228,-0.44019577255800946,-0.7163797255673804,-0.14760012443149684,1,59,train_marginal,False,min
continuous,continuous/duration,rmse_min,native,baseline:train_marginal,103.70171185757282,,87.68307650679736,120.65163885496789,,,,1,59,,False,min
continuous,continuous/travel_time,coverage80,native,KinematicRef,0.864406779661017,,0.7627118644067796,0.9491525423728814,,,,1,59,train_marginal,True,fraction
continuous,continuous/travel_time,coverage80,native,baseline:train_marginal,0.6440677966101694,,0.5254237288135594,0.7627118644067796,,,,1,59,,True,fraction
continuous,continuous/travel_time,crps_min,native,KinematicRef,5.359214606844221,,4.303885285567155,6.483712209661806,0.03903036099627877,-0.12292861546144217,0.14818194618339675,1,59,train_marginal,False,min
continuous,continuous/travel_time,crps_min,native,WeakRef,18.122881355932204,,16.542055084745762,19.729661016949155,-2.2496438437222053,-3.4208854591807345,-1.4135438013992894,1,59,train_marginal,False,min
continuous,continuous/travel_time,crps_min,native,baseline:train_marginal,5.576882337719171,,4.51399944451228,6.741934388960508,,,,1,59,,False,min
continuous,continuous/travel_time,mae_min,native,KinematicRef,7.368896620098635,,5.774813784385267,9.017199765133086,0.08422348481133346,-0.08732087808490975,0.19999844588960014,1,59,train_marginal,False,min
continuous,continuous/travel_time,mae_min,native,WeakRef,18.122881355932204,,16.542055084745762,19.729661016949155,-1.2522380200105316,-2.015744468476093,-0.6629075034269025,1,59,train_marginal,False,min
continuous,continuous/travel_time,mae_min,native,baseline:train_marginal,8.046610169491526,,6.474152542372881,9.582203389830509,,,,1,59,,False,min
continuous,continuous/travel_time,nll,native,KinematicRef,3.3576083149167895,,3.160501429016783,3.564680541920093,0.03652229801474638,-0.09943197135115378,0.20920888195462006,1,59,train_marginal,False,nats
continuous,continuous/travel_time,nll,native,baseline:train_marginal,3.394130612931536,,3.195689077264865,3.614737730573164,,,,1,59,,False,nats
continuous,continuous/travel_time,pit_ks,native,KinematicRef,0.14320828983615436,,0.08969921808431658,0.26474344777302244,,,,1,59,train_marginal,False,stat
continuous,continuous/travel_time,pit_ks,native,baseline:train_marginal,0.18034225395536557,,0.12229100839598295,0.3135187656786702,,,,1,59,,False,stat
continuous,continuous/travel_time,pseudo_nll,native,WeakRef,5.410454820726343,,5.106187439636451,5.7151168266137145,,,,1,59,,False,nats
continuous,continuous/travel_time,rmse_min,native,KinematicRef,10.558113069359628,,8.185841736042025,12.89729701283898,-0.005887409914541841,-0.11876007110649157,0.08025941312149348,1,59,train_marginal,False,min
continuous,continuous/travel_time,rmse_min,native,WeakRef,19.55660515234548,,18.202499632575176,20.824428741083185,-0.8631873682526598,-1.6542854424123343,-0.4037994798465276,1,59,train_marginal,False,min
continuous,continuous/travel_time,rmse_min,native,baseline:train_marginal,10.496316948888568,,8.091374732628763,12.861770087019407,,,,1,59,,False,min
efficiency,efficiency,n_parameters,native,KinematicRef,352.0,,,,,,,1,0,,False,count
efficiency,efficiency,n_parameters,native,WeakRef,5.0,,,,,,,1,0,,False,count
efficiency,efficiency/continuous/duration,latency_ms_per_sample,native,KinematicRef,0.00585283061994587,,,,,,,1,59,,False,ms
efficiency,efficiency/continuous/duration,latency_ms_per_sample,native,WeakRef,0.0002908301381867821,,,,,,,1,59,,False,ms
efficiency,efficiency/continuous/travel_time,latency_ms_per_sample,native,KinematicRef,0.0017092206073388205,,,,,,,1,59,,False,ms
efficiency,efficiency/continuous/travel_time,latency_ms_per_sample,native,WeakRef,0.0003905082910747851,,,,,,,1,59,,False,ms
efficiency,efficiency/embedding,latency_ms_per_sample,native,KinematicRef,0.09967036564389604,,,,,,,1,134,,False,ms
efficiency,efficiency/generation,latency_ms_per_sample,native,KinematicRef,3.2244186998771815,,,,,,,1,60,,False,ms
efficiency,efficiency/mode_classification,latency_ms_per_sample,native,WeakRef,0.007962930292488813,,,,,,,1,402,,False,ms
efficiency,efficiency/next_location,latency_ms_per_sample,native,KinematicRef,0.027407271495499347,,,,,,,1,59,,False,ms
efficiency,efficiency/next_location,latency_ms_per_sample,native,WeakRef,0.0005041020212032027,,,,,,,1,59,,False,ms
efficiency,efficiency/recovery,latency_ms_per_sample,native,KinematicRef,0.2674734138458411,,,,,,,1,1440,,False,ms
efficiency,efficiency/recovery,latency_ms_per_sample,native,WeakRef,0.009968766001596427,,,,,,,1,1440,,False,ms
generation,generation/daily_locations,jsd:daily_locations,native,KinematicRef,0.017086281254420795,0.004392204709748847,0.0021868772376666323,0.09002430631455993,,,,2,30,uniform_bbox,False,bits
generation,generation/daily_locations,jsd:daily_locations,native,baseline:real_noise_floor,0.08559623120289761,,,,,,,1,0,,False,bits
generation,generation/daily_locations,jsd:daily_locations,native,baseline:uniform_bbox,0.0593083534816586,,,,,,,1,0,,False,bits
generation,generation/daily_locations,w1:daily_locations,native,KinematicRef,0.1904761904761905,0.01346870059402939,0.05232142857142855,0.4666666666666666,4.285714285714285,,,2,30,uniform_bbox,False,native
generation,generation/daily_locations,w1:daily_locations,native,baseline:real_noise_floor,0.39999999999999997,,,,,,,1,0,,False,native
generation,generation/daily_locations,w1:daily_locations,native,baseline:uniform_bbox,0.4666666666666666,,,,,,,1,0,,False,native
generation,generation/jump_length,jsd:jump_length,native,KinematicRef,0.10383426422378841,0.027131443471650023,0.08332133089789436,0.20648570828622964,1.273823031863524,,,2,71,uniform_bbox,False,bits
generation,generation/jump_length,jsd:jump_length,native,baseline:real_noise_floor,0.11813799801335961,,,,,,,1,0,,False,bits
generation,generation/jump_length,jsd:jump_length,native,baseline:uniform_bbox,0.2554876783216997,,,,,,,1,0,,False,bits
generation,generation/jump_length,w1:jump_length,native,KinematicRef,1111.4139733016516,701.5755076515777,708.4286116313311,2107.660573461549,0.9694175222506363,,,2,71,uniform_bbox,False,native
generation,generation/jump_length,w1:jump_length,native,baseline:real_noise_floor,869.5217877190661,,,,,,,1,0,,False,native
generation,generation/jump_length,w1:jump_length,native,baseline:uniform_bbox,5971.851805846339,,,,,,,1,0,,False,native
generation,generation/memorisation,copy_rate,native,KinematicRef,1.0,0.0,1.0,1.0,,,,2,30,,False,fraction
generation,generation/memorisation,nn_train_dist_m,native,KinematicRef,20.67332356019713,0.29128028723529265,20.105566324391532,22.53411997674244,,,,2,30,,True,m
generation,generation/radius_of_gyration,jsd:radius_of_gyration,native,KinematicRef,0.2957827304299005,0.03667928246750721,0.2809681732354166,0.47938529961050474,1.2095007687687953,,,2,30,uniform_bbox,False,bits
generation,generation/radius_of_gyration,jsd:radius_of_gyration,native,baseline:real_noise_floor,0.3554827589418348,,,,,,,1,0,,False,bits
generation,generation/radius_of_gyration,jsd:radius_of_gyration,native,baseline:uniform_bbox,0.6337638591392829,,,,,,,1,0,,False,bits
generation,generation/radius_of_gyration,spearman_paired:radius_of_gyration,native,KinematicRef,0.6840852130325814,0.06184969088574057,,,,,,2,0,,True,rho
generation,generation/radius_of_gyration,w1:radius_of_gyration,native,KinematicRef,433.5061154747184,135.5310343736926,356.03031679446474,840.0529262034581,1.0412571847710548,,,2,30,uniform_bbox,False,native
generation,generation/radius_of_gyration,w1:radius_of_gyration,native,baseline:real_noise_floor,576.6088378886778,,,,,,,1,0,,False,native
generation,generation/radius_of_gyration,w1:radius_of_gyration,native,baseline:uniform_bbox,5084.727924470954,,,,,,,1,0,,False,native
generation,generation/stay_duration,jsd:stay_duration,native,KinematicRef,0.09505081759964056,0.01988845931969298,0.10438873287945857,0.20580273739417168,1.1298030554611995,,,2,91,uniform_bbox,False,bits
generation,generation/stay_duration,jsd:stay_duration,native,baseline:real_noise_floor,0.10214645418589598,,,,,,,1,0,,False,bits
generation,generation/stay_duration,jsd:stay_duration,native,baseline:uniform_bbox,0.1642929275159113,,,,,,,1,0,,False,bits
generation,generation/stay_duration,w1:stay_duration,native,KinematicRef,12.15227807999706,1.1952346612361147,8.623925737340144,29.028153184295903,0.763773319457272,,,2,91,uniform_bbox,False,native
generation,generation/stay_duration,w1:stay_duration,native,baseline:real_noise_floor,7.437109193637782,,,,,,,1,0,,False,native
generation,generation/stay_duration,w1:stay_duration,native,baseline:uniform_bbox,25.37822658579219,,,,,,,1,0,,False,native
generation,generation/visited_cells,jsd:visited_cells,native,KinematicRef,0.4373697551906707,0.07747852036236359,,,0.8385633128038288,,,2,0,uniform_bbox,False,bits
location,next_location,acc@1,native,KinematicRef,0.11864406779661017,,0.05084745762711865,0.22033898305084745,-0.04000000000000001,-0.19576086956521738,0.13002525252525263,1,59,markov1,True,fraction
location,next_location,acc@1,native,WeakRef,0.13559322033898305,,0.06779661016949153,0.2033898305084746,-0.020000000000000014,-0.1915934320074006,0.12262849584278161,1,59,markov1,True,fraction
location,next_location,acc@1,native,baseline:global_popular,0.03389830508474576,,0.0,0.0847457627118644,,,,1,59,,True,fraction
location,next_location,acc@1,native,baseline:markov1,0.15254237288135594,,0.06779661016949153,0.2711864406779661,,,,1,59,,True,fraction
location,next_location,acc@1,native,baseline:user_frequent,0.1016949152542373,,0.03389830508474576,0.18686440677966112,,,,1,59,,True,fraction
location,next_location,acc@5,native,KinematicRef,0.5932203389830508,,0.4911016949152543,0.7457627118644068,-0.3333333333333336,-1.1818181818181825,0.1669117647058825,1,59,markov1,True,fraction
location,next_location,acc@5,native,baseline:global_popular,0.06779661016949153,,0.01694915254237288,0.13559322033898305,,,,1,59,,True,fraction
location,next_location,acc@5,native,baseline:markov1,0.6949152542372882,,0.576271186440678,0.8139830508474578,,,,1,59,,True,fraction
location,next_location,acc@5,native,baseline:user_frequent,0.7627118644067796,,0.6610169491525424,0.8648305084745764,,,,1,59,,True,fraction
location,next_location,acc_1km,native,KinematicRef,0.15254237288135594,,0.06779661016949153,0.2542372881355932,-0.0204081632653061,-0.19565217391304346,0.16681034482758625,1,59,markov1,True,fraction
location,next_location,acc_1km,native,WeakRef,0.13559322033898305,,0.06779661016949153,0.2033898305084746,-0.040816326530612235,-0.21957994579945803,0.10546176762661376,1,59,markov1,True,fraction
location,next_location,acc_1km,native,baseline:global_popular,0.05084745762711865,,0.0,0.11864406779661017,,,,1,59,,True,fraction
location,next_location,acc_1km,native,baseline:markov1,0.1694915254237288,,0.06779661016949153,0.288135593220339,,,,1,59,,True,fraction
location,next_location,acc_1km,native,baseline:user_frequent,0.11864406779661017,,0.05084745762711865,0.2033898305084746,,,,1,59,,True,fraction
location,next_location,dist_err_m,native,KinematicRef,7851.010351460592,,6579.454704228688,9118.792090212222,0.03855634189178825,-0.18228126948984652,0.2524305592631336,1,59,markov1,False,m
location,next_location,dist_err_m,native,WeakRef,7733.497732332997,,6334.47051921542,9029.914722928803,0.05294707089992068,-0.17366222937903744,0.23797912012315742,1,59,markov1,False,m
location,next_location,dist_err_m,native,baseline:global_popular,6496.279842822514,,5530.8289799184495,7260.01700724893,,,,1,59,,False,m
location,next_location,dist_err_m,native,baseline:markov1,8165.855882713567,,6848.336310509052,9498.091916459829,,,,1,59,,False,m
location,next_location,dist_err_m,native,baseline:user_frequent,7988.885114371571,,6799.209201797175,9157.39852517875,,,,1,59,,False,m
location,next_location,loc_nll,native,KinematicRef,5.243796772087819,,4.099786490703829,6.075561616313176,-0.9293893153050092,-2.1237760676471065,0.6106891735193116,1,59,markov1,False,nats
location,next_location,loc_nll,native,baseline:global_popular,5.21754344586918,,5.052575889732637,5.4804201250986955,,,,1,59,,False,nats
location,next_location,loc_nll,native,baseline:markov1,4.31440745678281,,2.9837845999123815,5.642001670347441,,,,1,59,,False,nats
location,next_location,loc_nll,native,baseline:user_frequent,4.503427154132065,,3.106489509446929,5.799252769933811,,,,1,59,,False,nats
location,next_location,median_dist_err_m,native,KinematicRef,7983.390954794244,,5419.988247140251,8972.297505526509,0.09341861773370042,-0.17138656571233962,0.42319041462199625,1,59,markov1,False,m
location,next_location,median_dist_err_m,native,WeakRef,8084.783435722587,,5150.91800467615,9295.768670064848,0.08190464628573746,-0.14278618186552453,0.4048293116549912,1,59,markov1,False,m
location,next_location,median_dist_err_m,native,baseline:global_popular,5966.195033175315,,4870.774310307287,7207.583207113678,,,,1,59,,False,m
location,next_location,median_dist_err_m,native,baseline:markov1,8806.03894030685,,7330.50440229795,9923.139434677641,,,,1,59,,False,m
location,next_location,median_dist_err_m,native,baseline:user_frequent,7877.848759124553,,5354.81257470193,9396.065094539228,,,,1,59,,False,m
location,next_location,mrr@20,native,KinematicRef,0.28220338983050847,,0.2093149717514124,0.4042867231638418,-0.1271148849882771,-0.2987238990054105,0.06911778266966583,1,59,markov1,True,fraction
location,next_location,mrr@20,native,baseline:global_popular,0.052044236366270265,,0.014116227463685089,0.10708235385142165,,,,1,59,,True,fraction
location,next_location,mrr@20,native,baseline:markov1,0.36315577078288946,,0.27728107344632774,0.45276029055690076,,,,1,59,,True,fraction
location,next_location,mrr@20,native,baseline:user_frequent,0.3584745762711864,,0.2897175141242938,0.42822740112994345,,,,1,59,,True,fraction
recovery,recovery/block@0.25,acc_100m,native,KinematicRef,0.9704861111111112,0.003437324630767888,0.9475607638888889,0.9899392361111112,0.5554397894275058,0.3124102011494261,0.8030050551126587,2,180,linear_interp,True,fraction
recovery,recovery/block@0.25,acc_100m,native,WeakRef,0.203125,0.0014731391274719688,0.18193576388888888,0.22294270833333335,-11.018918622504938,-19.599728714903215,-7.085090108054602,2,180,linear_interp,True,fraction
recovery,recovery/block@0.25,acc_100m,native,baseline:last_observed,0.22465277777777778,0.013258252147247759,0.1741840277777778,0.2816666666666667,,,,2,180,,True,fraction
recovery,recovery/block@0.25,acc_100m,native,baseline:linear_interp,0.9336805555555556,0.0014731391274719295,0.8995920138888889,0.9642534722222222,,,,2,180,,True,fraction
recovery,recovery/block@0.25,acc_500m,native,KinematicRef,0.9951388888888889,0.0009820927516479793,0.989201388888889,1.0,0.41428571428571426,0.26746031746031745,1.0,2,180,linear_interp,True,fraction
recovery,recovery/block@0.25,acc_500m,native,WeakRef,0.9871527777777778,0.005401510134063964,0.9749913194444444,0.9965364583333334,-0.5071428571428629,-2.0875,-0.13706521739130328,2,180,linear_interp,True,fraction
recovery,recovery/block@0.25,acc_500m,native,baseline:last_observed,0.5618055555555556,0.006874649261535854,0.5190538194444445,0.6107899305555555,,,,2,180,,True,fraction
recovery,recovery/block@0.25,acc_500m,native,baseline:linear_interp,0.9916666666666667,0.0019641855032959585,0.9822916666666666,0.9993055555555556,,,,2,180,,True,fraction
recovery,recovery/block@0.25,ade_m,native,KinematicRef,32.40831230552439,1.990416320375674,26.186242419208522,39.65006107738553,0.20675319389496094,0.12280216979521946,0.27765316803409,2,180,linear_interp,False,m
recovery,recovery/block@0.25,ade_m,native,WeakRef,191.36301242121044,4.0354660931486075,183.8611649059102,199.91489925014446,-3.689694869587578,-4.872712285513414,-2.8254965795216895,2,180,linear_interp,False,m
recovery,recovery/block@0.25,ade_m,native,baseline:last_observed,538.3860015433715,5.972940093511337,482.5945942565178,591.2555906374168,,,,2,180,,False,m
recovery,recovery/block@0.25,ade_m,native,baseline:linear_interp,40.85472160722499,2.4912206591755535,31.58491377728874,52.367094590033055,,,,2,180,,False,m
recovery,recovery/block@0.25,dtw_m,native,KinematicRef,26.9267541894005,0.7360165160309785,24.228813652051507,30.694962304271144,0.2228551638380099,0.13039106409198709,0.29351777367101006,2,180,linear_interp,False,m
recovery,recovery/block@0.25,dtw_m,native,WeakRef,176.99743822100334,2.6467734814415693,171.12168309500237,183.26423972679848,-4.109255040649511,-5.019740066556118,-3.2979710624366336,2,180,linear_interp,False,m
recovery,recovery/block@0.25,dtw_m,native,baseline:last_observed,538.3860015433714,5.972940093511297,482.5945942565178,591.2555906374168,,,,2,180,,False,m
recovery,recovery/block@0.25,dtw_m,native,baseline:linear_interp,34.648158512416245,0.935957959854986,28.515063641666814,41.25811556052486,,,,2,180,,False,m
recovery,recovery/block@0.25,fde_m,native,KinematicRef,22.63107173590604,1.8223237943660384,20.009456344134,25.887832217907576,0.20008255951220955,0.05684021638606254,0.2984046871441708,2,180,linear_interp,False,m
recovery,recovery/block@0.25,fde_m,native,WeakRef,192.5157717502737,6.393164275734919,177.36400884487023,207.60689983711757,-5.8251010594314065,-7.601698884016094,-4.377347232658774,2,180,linear_interp,False,m
recovery,recovery/block@0.25,fde_m,native,baseline:last_observed,942.7462461906223,10.116082756899798,839.3852547369065,1037.9945270676953,,,,2,180,,False,m
recovery,recovery/block@0.25,fde_m,native,baseline:linear_interp,28.374301830313325,3.584811139132288,22.673226862315747,35.19579862387089,,,,2,180,,False,m
recovery,recovery/block@0.25,grid_acc,native,KinematicRef,0.9204861111111111,0.004419417382415985,0.8982552083333334,0.9388975694444445,0.08746819338422425,-0.05855628945146825,0.22007512049074485,2,180,linear_interp,True,fraction
recovery,recovery/block@0.25,grid_acc,native,WeakRef,0.5746527777777778,0.018168715905487694,0.5457899305555556,0.6024565972222222,-3.8833969465648837,-5.299189903287164,-2.8596514546390384,2,180,linear_interp,True,fraction
recovery,recovery/block@0.25,grid_acc,native,baseline:last_observed,0.3222222222222222,0.005892556509887895,0.2669704861111111,0.3715625,,,,2,180,,True,fraction
recovery,recovery/block@0.25,grid_acc,native,baseline:linear_interp,0.9128472222222221,0.005401510134063925,0.8881770833333333,0.9357986111111112,,,,2,180,,True,fraction
recovery,recovery/block@0.25,median_ade_m,native,KinematicRef,22.190470648135836,0.7342447561473755,20.43561035243043,24.808191334514348,-0.07366391987643017,-0.18867437123016234,0.030611100502201213,2,180,linear_interp,False,m
recovery,recovery/block@0.25,median_ade_m,native,WeakRef,183.05623013734396,1.928374420458499,176.6146557244237,190.55132224381032,-7.845974524324747,-8.836306896389711,-6.885174181765024,2,180,linear_interp,False,m
recovery,recovery/block@0.25,median_ade_m,native,baseline:last_observed,504.54247169585534,10.56725694334695,457.7922478259206,546.018263621211,,,,2,180,,False,m
recovery,recovery/block@0.25,median_ade_m,native,baseline:linear_interp,20.721285020142048,1.1831152451597051,18.85615673637033,22.49698229748749,,,,2,180,,False,m
recovery,recovery/block@0.25,p90_ade_m,native,KinematicRef,39.856996691139386,0.4882814849230237,36.57355621233757,47.715381355630626,0.42795853271771017,0.24632454395162826,0.5770042176029998,2,180,linear_interp,False,m
recovery,recovery/block@0.25,p90_ade_m,native,WeakRef,233.33221096881272,3.606735786448584,224.57443819446527,244.87742811356821,-2.350012423790951,-3.5551306076130063,-1.2597040763396472,2,180,linear_interp,False,m
recovery,recovery/block@0.25,p90_ade_m,native,baseline:last_observed,1034.7637540474268,60.39715848683364,927.2221929291309,1208.5344875361186,,,,2,180,,False,m
recovery,recovery/block@0.25,p90_ade_m,native,baseline:linear_interp,69.68576487624853,1.7231868617548416,51.356398489114866,104.60847805082024,,,,2,180,,False,m
recovery,recovery/block@0.25,rmse_m,native,KinematicRef,67.50472850922957,7.0638789864970795,37.4970541185768,90.39203575638817,0.236130199715603,0.18037288781778593,0.3516878298242899,2,180,linear_interp,False,m
recovery,recovery/block@0.25,rmse_m,native,WeakRef,220.0669952592535,5.604934700003391,208.33341161750263,233.43528597021998,-1.498738411154327,-2.7746767292322883,-1.0000667203880917,2,180,linear_interp,False,m
recovery,recovery/block@0.25,rmse_m,native,baseline:last_observed,744.454076885128,0.284628759426523,676.6484491819903,810.0577476740493,,,,2,180,,False,m
recovery,recovery/block@0.25,rmse_m,native,baseline:linear_interp,88.30059308184389,7.583871165798426,53.45408835929154,116.51024112794236,,,,2,180,,False,m
recovery,recovery/block@0.5,acc_100m,native,KinematicRef,0.8645833333333333,0.014240344898895738,0.8259809027777778,0.9030512152777779,0.486175930039109,0.3856019636623567,0.5911615435558586,2,180,linear_interp,True,fraction
recovery,recovery/block@0.5,acc_100m,native,WeakRef,0.16909722222222223,0.004910463758239905,0.15379774305555555,0.18354166666666666,-2.1595007273075684,-2.9820734835073837,-1.5918552606974319,2,180,linear_interp,True,fraction
recovery,recovery/block@0.5,acc_100m,native,baseline:last_observed,0.18958333333333333,0.0019641855032959585,0.13851996527777777,0.24605034722222224,,,,2,180,,True,fraction
recovery,recovery/block@0.5,acc_100m,native,baseline:linear_interp,0.7368055555555555,0.0112940666439518,0.6819184027777778,0.792734375,,,,2,180,,True,fraction
recovery,recovery/block@0.5,acc_500m,native,KinematicRef,0.9590277777777778,0.003437324630767888,0.937834201388889,0.9809331597222222,0.363730283452651,0.20267880697760007,0.5229575563029267,2,180,linear_interp,True,fraction
recovery,recovery/block@0.5,acc_500m,native,WeakRef,0.9230902777777777,0.013012728959335765,0.8933984374999999,0.9524392361111111,-0.18638321401548236,-0.36963308100820663,-0.0869960704820403,2,180,linear_interp,True,fraction
recovery,recovery/block@0.5,acc_500m,native,baseline:last_observed,0.3666666666666667,0.001964185503295978,0.32340711805555555,0.41512586805555557,,,,2,180,,True,fraction
recovery,recovery/block@0.5,acc_500m,native,baseline:linear_interp,0.9352430555555555,0.010066450704391825,0.9063845486111111,0.9628689236111112,,,,2,180,,True,fraction
recovery,recovery/block@0.5,ade_m,native,KinematicRef,96.84775692472006,4.60364556744439,68.95404494094439,128.80963685658872,0.34212312619118235,0.29246717738884265,0.38831278972057603,2,180,linear_interp,False,m
recovery,recovery/block@0.5,ade_m,native,WeakRef,268.6649628567875,7.951795977857094,236.03379633360893,304.4370285445391,-0.825862589107433,-1.1942388122853531,-0.5945466925542096,2,180,linear_interp,False,m
recovery,recovery/block@0.5,ade_m,native,baseline:last_observed,1045.2598001555725,1.515598206485455,941.7091142626289,1148.47709875892,,,,2,180,,False,m
recovery,recovery/block@0.5,ade_m,native,baseline:linear_interp,147.22891171909146,7.627887453265152,109.14594376163095,189.3799931880245,,,,2,180,,False,m
recovery,recovery/block@0.5,dtw_m,native,KinematicRef,49.29833814623085,1.342925657602789,43.0664851316228,56.23595349021315,0.34229298885462206,0.28672409199258153,0.38834852102402273,2,180,linear_interp,False,m
recovery,recovery/block@0.5,dtw_m,native,WeakRef,188.82886800322257,1.9245079747513687,178.57921999885514,200.3673166008719,-1.5199362115627324,-1.9060959236412964,-1.2296925165865704,2,180,linear_interp,False,m
recovery,recovery/block@0.5,dtw_m,native,baseline:last_observed,1045.2598001555725,1.515598206485455,941.7091142626288,1148.47709875892,,,,2,180,,False,m
recovery,recovery/block@0.5,dtw_m,native,baseline:linear_interp,74.96150506985332,2.4485846925974912,61.935256446942205,89.69437392279657,,,,2,180,,False,m
recovery,recovery/block@0.5,fde_m,native,KinematicRef,36.207745744773256,4.409910611636822,25.815117784442066,54.03973377846479,0.44449761288341416,0.3287553465424029,0.5475631926200055,2,180,linear_interp,False,m
recovery,recovery/block@0.5,fde_m,native,WeakRef,217.9945945363155,6.3684368039640855,191.7692566896015,247.5903335870044,-2.359562115529907,-3.6226422196195953,-1.61037092379155,2,180,linear_interp,False,m
recovery,recovery/block@0.5,fde_m,native,baseline:last_observed,1897.5309026217687,6.198369432002653,1709.1514801561461,2081.108297395909,,,,2,180,,False,m
recovery,recovery/block@0.5,fde_m,native,baseline:linear_interp,65.10088031499973,6.299608703128949,42.8294667739668,98.10274964668399,,,,2,180,,False,m
recovery,recovery/block@0.5,grid_acc,native,KinematicRef,0.8397569444444445,0.012030636207687784,0.8074522569444444,0.8724522569444444,0.29265441067387576,0.21814879916555635,0.3674710551053276,2,180,linear_interp,True,fraction
recovery,recovery/block@0.5,grid_acc,native,WeakRef,0.5220486111111111,0.013012728959335765,0.49616753472222225,0.5496744791666667,-1.112078283250483,-1.4527744660451511,-0.8700877161150793,2,180,linear_interp,True,fraction
recovery,recovery/block@0.5,grid_acc,native,baseline:last_observed,0.23402777777777778,0.008838834764831853,0.18731336805555554,0.2873741319444445,,,,2,180,,True,fraction
recovery,recovery/block@0.5,grid_acc,native,baseline:linear_interp,0.773611111111111,0.01031197389230382,0.73640625,0.8105989583333333,,,,2,180,,True,fraction
recovery,recovery/block@0.5,median_ade_m,native,KinematicRef,34.90769997168732,1.8379856689129888,31.36898757977567,39.97734925976778,0.21319994526375768,0.09998575611735552,0.30347167921764445,2,180,linear_interp,False,m
recovery,recovery/block@0.5,median_ade_m,native,WeakRef,195.50834838803996,0.43689971839087227,190.68376113198516,202.84648036244084,-3.4065072643133436,-3.9055382847803886,-2.9763030733448654,2,180,linear_interp,False,m
recovery,recovery/block@0.5,median_ade_m,native,baseline:last_observed,957.1232104917126,11.319651340053445,904.9341601328011,1067.4846164931555,,,,2,180,,False,m
recovery,recovery/block@0.5,median_ade_m,native,baseline:linear_interp,44.36807087942276,0.05198043268768476,39.8705829992446,49.607381477822656,,,,2,180,,False,m
recovery,recovery/block@0.5,p90_ade_m,native,KinematicRef,135.98167229399237,19.27238329416579,95.73825882696737,311.6636171217868,0.573568965064226,0.2731278414082684,0.6667391391272771,2,180,linear_interp,False,m
recovery,recovery/block@0.5,p90_ade_m,native,WeakRef,360.1863965193393,28.241881414170898,286.3968883961807,583.0268728282315,-0.1367038248425465,-0.37010412718563435,0.05248176699341635,2,180,linear_interp,False,m
recovery,recovery/block@0.5,p90_ade_m,native,baseline:last_observed,2060.2597507631012,76.21572675457995,1811.0179301917728,2309.9971897342957,,,,2,180,,False,m
recovery,recovery/block@0.5,p90_ade_m,native,baseline:linear_interp,320.69274345387197,63.478646628125354,215.7042788307242,575.8920435503037,,,,2,180,,False,m
recovery,recovery/block@0.5,rmse_m,native,KinematicRef,273.2485805098404,1.1899358147196084,182.47915195263903,350.87809279507013,0.2414893992971605,0.2117112148624305,0.2803778151484288,2,180,linear_interp,False,m
recovery,recovery/block@0.5,rmse_m,native,WeakRef,411.5848220801222,5.473055905159379,322.76402636769785,496.55377694650133,-0.14249887346639356,-0.2921340272467813,-0.08128280356830997,2,180,linear_interp,False,m
recovery,recovery/block@0.5,rmse_m,native,baseline:last_observed,1448.1523294023832,2.475138140177789,1332.7177282740465,1579.051821807157,,,,2,180,,False,m
recovery,recovery/block@0.5,rmse_m,native,baseline:linear_interp,360.2431880775837,1.3561945668615976,251.75693892478301,458.5227294874368,,,,2,180,,False,m
recovery,recovery/random@0.25,acc_100m,native,KinematicRef,0.9944444444444445,0.0029462782549439376,0.9899305555555555,0.9982638888888888,0.3833333333333333,-0.2749999999999999,0.6709264873057975,2,180,linear_interp,True,fraction
recovery,recovery/random@0.25,acc_100m,native,WeakRef,0.19895833333333335,0.010311973892303811,0.17914930555555555,0.21772569444444445,-94.95000000000033,-479.9125000000017,-39.93234767025081,2,180,linear_interp,True,fraction
recovery,recovery/random@0.25,acc_100m,native,baseline:last_observed,0.36388888888888893,0.01178511301977581,0.31315104166666663,0.41921006944444444,,,,2,180,,True,fraction
recovery,recovery/random@0.25,acc_100m,native,baseline:linear_interp,0.9913194444444444,0.002455231879119909,0.9826302083333334,0.9979166666666667,,,,2,180,,True,fraction
recovery,recovery/random@0.25,acc_500m,native,KinematicRef,0.9996527777777777,0.0004910463758239503,0.9989583333333334,1.0,0.5,0.5,0.5,2,180,linear_interp,True,fraction
recovery,recovery/random@0.25,acc_500m,native,WeakRef,0.9975694444444445,0.0004910463758240289,0.9947916666666667,0.9996527777777777,-1.0,-2.8125,0.5,2,180,linear_interp,True,fraction
recovery,recovery/random@0.25,acc_500m,native,baseline:last_observed,0.9604166666666667,0.005892556509887875,0.944765625,0.9725868055555555,,,,2,180,,True,fraction
recovery,recovery/random@0.25,acc_500m,native,baseline:linear_interp,0.9993055555555556,0.0009820927516479793,0.9979166666666667,1.0,,,,2,180,,True,fraction
recovery,recovery/random@0.25,ade_m,native,KinematicRef,17.393965413246107,0.6537605484195805,16.2046733970257,18.752809922404943,-0.01838027523224728,-0.07197936729959346,0.05294808591587519,2,180,linear_interp,False,m
recovery,recovery/random@0.25,ade_m,native,WeakRef,179.9802259048931,0.9244857053787764,175.59299816090748,184.89886522035673,-9.545626832832408,-10.66854506916497,-8.278516380588242,2,180,linear_interp,False,m
recovery,recovery/random@0.25,ade_m,native,baseline:last_observed,167.1073646817028,3.971679265220443,150.42071398233583,186.61451146225926,,,,2,180,,False,m
recovery,recovery/random@0.25,ade_m,native,baseline:linear_interp,17.08415157922414,0.8148063557609154,15.411782465695595,19.108380014471187,,,,2,180,,False,m
recovery,recovery/random@0.25,dtw_m,native,KinematicRef,16.4073531075136,0.17818032286754507,15.55383265223178,17.257882478348378,-0.025742441787398596,-0.07273142457838755,0.035891778003773016,2,180,linear_interp,False,m
recovery,recovery/random@0.25,dtw_m,native,WeakRef,175.75010355112886,0.12128853429304409,171.18638254847565,180.61029561393943,-9.989511512932262,-10.988392463341734,-8.950353366502398,2,180,linear_interp,False,m
recovery,recovery/random@0.25,dtw_m,native,baseline:last_observed,158.4639870921796,3.0087776250724674,143.68348049528794,175.30093258060248,,,,2,180,,False,m
recovery,recovery/random@0.25,dtw_m,native,baseline:linear_interp,16.00147406033242,0.5294907180414259,14.790113694588129,17.47633954504429,,,,2,180,,False,m
recovery,recovery/random@0.25,fde_m,native,KinematicRef,17.019324164087955,0.530356447669667,16.055390238496877,17.996021168383344,-0.046687505288069864,-0.07987962977586682,-0.0010928277443245267,2,180,linear_interp,False,m
recovery,recovery/random@0.25,fde_m,native,WeakRef,181.0475688390128,2.801850070389114,175.73478729250078,186.17029450167013,-10.136863221308086,-11.025532168710349,-9.149100378089134,2,180,linear_interp,False,m
recovery,recovery/random@0.25,fde_m,native,baseline:last_observed,173.01980302942636,3.601155467282534,156.44064527825648,192.16069906728492,,,,2,180,,False,m
recovery,recovery/random@0.25,fde_m,native,baseline:linear_interp,16.259460141122396,0.45551996833782954,15.069779475850794,17.608080663563804,,,,2,180,,False,m
recovery,recovery/random@0.25,grid_acc,native,KinematicRef,0.9586805555555555,0.0004910463758240289,0.9447829861111111,0.969453125,-0.025862068965517168,-0.1892010384419781,0.13128371250242737,2,180,linear_interp,True,fraction
recovery,recovery/random@0.25,grid_acc,native,WeakRef,0.6100694444444444,0.003437324630768006,0.5818923611111112,0.6375173611111111,-8.681034482758628,-12.12289338568408,-6.38010645604395,2,180,linear_interp,True,fraction
recovery,recovery/random@0.25,grid_acc,native,baseline:last_observed,0.6486111111111111,0.009820927516479791,0.6079513888888889,0.6840972222222224,,,,2,180,,True,fraction
recovery,recovery/random@0.25,grid_acc,native,baseline:linear_interp,0.9597222222222223,0.0,0.9465190972222222,0.9711805555555555,,,,2,180,,True,fraction
recovery,recovery/random@0.25,median_ade_m,native,KinematicRef,15.344331826452711,0.3919463146634916,14.583224750330418,15.981938679787326,-0.1001636806613283,-0.14362877558254836,-0.05845536491180298,2,180,linear_interp,False,m
recovery,recovery/random@0.25,median_ade_m,native,WeakRef,178.2841723109279,1.680058302206013,172.82460621843262,184.62310574989587,-11.784500397979919,-12.796914239026183,-11.111593892869642,2,180,linear_interp,False,m
recovery,recovery/random@0.25,median_ade_m,native,baseline:last_observed,143.3744923259602,0.40622484965297456,128.44840531358238,158.7781540415863,,,,2,180,,False,m
recovery,recovery/random@0.25,median_ade_m,native,baseline:linear_interp,13.946342751137635,0.2455891671914041,13.125425940751663,14.5910543152606,,,,2,180,,False,m
recovery,recovery/random@0.25,p90_ade_m,native,KinematicRef,24.690793914501754,1.70876006534075,22.07571312534332,27.561084108319577,-0.012499825693861266,-0.10001431304750155,0.0655015903217665,2,180,linear_interp,False,m
recovery,recovery/random@0.25,p90_ade_m,native,WeakRef,221.31815040176681,2.9582519331422263,212.33534876611628,227.32217266205123,-8.085260518891808,-8.939725075879096,-7.0297410033550065,2,180,linear_interp,False,m
recovery,recovery/random@0.25,p90_ade_m,native,baseline:last_observed,334.45470533837573,17.28142711677226,276.9255674044964,374.94653670869013,,,,2,180,,False,m
recovery,recovery/random@0.25,p90_ade_m,native,baseline:linear_interp,24.371499529728187,0.9247542486972263,22.422151670420703,26.724779870249133,,,,2,180,,False,m
recovery,recovery/random@0.25,rmse_m,native,KinematicRef,24.800627253204684,5.629539198438656,19.765251549502835,30.8768356689828,0.12590096341366713,-0.04080285569640612,0.2614902746063966,2,180,linear_interp,False,m
recovery,recovery/random@0.25,rmse_m,native,WeakRef,202.0994656958997,0.8674534230920846,197.1535789125919,207.30096620552513,-6.304609359116208,-9.233680237480726,-4.300769371744882,2,180,linear_interp,False,m
recovery,recovery/random@0.25,rmse_m,native,baseline:last_observed,235.97473965926594,11.366992271753844,203.8961524443695,276.24359284077104,,,,2,180,,False,m
recovery,recovery/random@0.25,rmse_m,native,baseline:linear_interp,28.360380217305266,6.329188707065565,19.65105493812463,37.87261156743642,,,,2,180,,False,m
recovery,recovery/random@0.5,acc_100m,native,KinematicRef,0.9868055555555555,0.0014731391274719295,0.9793272569444444,0.9942708333333333,0.10865968008825114,-0.07403492647059064,0.2595506220506254,2,180,linear_interp,True,fraction
recovery,recovery/random@0.5,acc_100m,native,WeakRef,0.2032986111111111,0.002209708691207953,0.18852864583333334,0.21666666666666667,-53.40512961941531,-104.5430555555557,-32.75359237702693,2,180,linear_interp,True,fraction
recovery,recovery/random@0.5,acc_100m,native,baseline:last_observed,0.3138888888888889,0.008347788389007823,0.26676649305555555,0.36760416666666673,,,,2,180,,True,fraction
recovery,recovery/random@0.5,acc_100m,native,baseline:linear_interp,0.9850694444444444,0.0029462782549439376,0.9763758680555555,0.9932335069444445,,,,2,180,,True,fraction
recovery,recovery/random@0.5,acc_500m,native,KinematicRef,0.9986111111111111,0.0009820927516479793,0.9965277777777778,1.0,0.4166666666666726,-0.12708333333335053,0.8428571428571441,2,180,linear_interp,True,fraction
recovery,recovery/random@0.5,acc_500m,native,WeakRef,0.9961805555555555,0.0009820927516479793,0.9928819444444444,0.9984418402777777,-0.8472222222222383,-3.58541666666664,-0.10819444444446354,2,180,linear_interp,True,fraction
recovery,recovery/random@0.5,acc_500m,native,baseline:last_observed,0.8868055555555555,0.003928371006591917,0.8654210069444445,0.9053993055555556,,,,2,180,,True,fraction
recovery,recovery/random@0.5,acc_500m,native,baseline:linear_interp,0.9977430555555555,0.0012276159395600132,0.9947786458333334,1.0,,,,2,180,,True,fraction
recovery,recovery/random@0.5,ade_m,native,KinematicRef,20.5662720258499,1.0459135166576314,18.067040525328803,23.182734674624093,0.01496551266487195,-0.029510847059369516,0.06088188252156345,2,180,linear_interp,False,m
recovery,recovery/random@0.5,ade_m,native,WeakRef,181.70103019619123,1.8268633584198255,178.124772929294,185.21592076955733,-7.714410415397257,-8.721498300141443,-6.547701768179271,2,180,linear_interp,False,m
recovery,recovery/random@0.5,ade_m,native,baseline:last_observed,237.13865683093536,5.843499856548535,217.36460078141542,258.867196794044,,,,2,180,,False,m
recovery,recovery/random@0.5,ade_m,native,baseline:linear_interp,20.889134189028816,1.3773072555994614,17.794851543779355,24.148216902151212,,,,2,180,,False,m
recovery,recovery/random@0.5,dtw_m,native,KinematicRef,17.74748956855739,0.5212923727373657,16.466011300531942,19.148911633988202,0.0037600821314741073,-0.03484297123624461,0.04349970637513305,2,180,linear_interp,False,m
recovery,recovery/random@0.5,dtw_m,native,WeakRef,169.82099287800952,0.009598043018964789,166.63795973350068,173.14078586012002,-8.537933881606644,-9.285579674733388,-7.72801400521708,2,180,linear_interp,False,m
recovery,recovery/random@0.5,dtw_m,native,baseline:last_observed,184.52143280778904,1.7819940541271797,168.3804592705777,202.64103036558214,,,,2,180,,False,m
recovery,recovery/random@0.5,dtw_m,native,baseline:linear_interp,17.816952243529354,0.6575835309556315,16.16148613083245,19.54256632088734,,,,2,180,,False,m
recovery,recovery/random@0.5,fde_m,native,KinematicRef,18.15368000438487,0.06164108085305149,16.72470282522282,19.606875850616483,-0.019938135038777283,-0.05880668465504666,0.02209037646803297,2,180,linear_interp,False,m
recovery,recovery/random@0.5,fde_m,native,WeakRef,181.47930497912225,1.2696396628152302,177.24357461911194,186.37463932577677,-9.195961093587588,-10.078397828926247,-8.184488713908735,2,180,linear_interp,False,m
recovery,recovery/random@0.5,fde_m,native,baseline:last_observed,249.50512118598115,8.097610512828842,228.267786674758,271.5756776847585,,,,2,180,,False,m
recovery,recovery/random@0.5,fde_m,native,baseline:linear_interp,17.799445578221373,0.1842182782531206,16.176287242814027,19.652913401340687,,,,2,180,,False,m
recovery,recovery/random@0.5,grid_acc,native,KinematicRef,0.9552083333333334,0.001473139127472008,0.9442578125000001,0.9652907986111112,0.029551630434783645,-0.09990475328729659,0.1366835536818977,2,180,linear_interp,True,fraction
recovery,recovery/random@0.5,grid_acc,native,WeakRef,0.5984375,0.011048543456039806,0.5796744791666666,0.6201649305555557,-7.701426630434783,-10.102653747031507,-5.800726736188602,2,180,linear_interp,True,fraction
recovery,recovery/random@0.5,grid_acc,native,baseline:last_observed,0.5621527777777777,0.020132901408783533,0.5247829861111111,0.5976041666666667,,,,2,180,,True,fraction
recovery,recovery/random@0.5,grid_acc,native,baseline:linear_interp,0.9538194444444444,0.0024552318791200263,0.9426996527777778,0.9642491319444445,,,,2,180,,True,fraction
recovery,recovery/random@0.5,median_ade_m,native,KinematicRef,15.975286312345109,0.0560259585109981,15.081662566527863,16.865638330948492,-0.07328164429585338,-0.12893563276739103,0.03287703197728356,2,180,linear_interp,False,m
recovery,recovery/random@0.5,median_ade_m,native,WeakRef,178.52243548487786,0.8068006662259427,175.95280954069867,183.0835069799647,-10.995153067554048,-11.748834942100647,-9.631281106208158,2,180,linear_interp,False,m
recovery,recovery/random@0.5,median_ade_m,native,baseline:last_observed,214.93995469302962,2.9115500107335217,190.94164826334486,240.70410514186833,,,,2,180,,False,m
recovery,recovery/random@0.5,median_ade_m,native,baseline:linear_interp,14.889438481043989,0.409546779278928,14.08835777695069,16.796545147448583,,,,2,180,,False,m
recovery,recovery/random@0.5,p90_ade_m,native,KinematicRef,27.680104897687254,0.42810640599697264,24.682134886939586,33.68684529558311,0.03401674324966675,-0.08336033094518522,0.15747954704005998,2,180,linear_interp,False,m
recovery,recovery/random@0.5,p90_ade_m,native,WeakRef,211.43518912477418,6.6873974840870165,205.86988598408988,216.5135864697137,-6.374141405077131,-7.2496144942911815,-4.702340878508497,2,180,linear_interp,False,m
recovery,recovery/random@0.5,p90_ade_m,native,baseline:last_observed,447.42267052842584,25.48355877759839,416.5172908616836,490.54890947722356,,,,2,180,,False,m
recovery,recovery/random@0.5,p90_ade_m,native,baseline:linear_interp,28.67046811388582,0.7503581651258794,25.402471726152093,36.7721810280583,,,,2,180,,False,m
recovery,recovery/random@0.5,rmse_m,native,KinematicRef,41.16066920204237,6.472930705566492,26.435785849588047,53.944766246437666,0.10788655722298413,0.0051909343918100995,0.1641335028213051,2,180,linear_interp,False,m
recovery,recovery/random@0.5,rmse_m,native,WeakRef,205.36470483385867,2.2012276352447215,200.5168844604001,210.35732935690652,-3.504150474511302,-5.421440965384954,-2.3193121182379253,2,180,linear_interp,False,m
recovery,recovery/random@0.5,rmse_m,native,baseline:last_observed,341.3288299327054,9.388880467234902,313.141100454858,372.56067520537124,,,,2,180,,False,m
recovery,recovery/random@0.5,rmse_m,native,baseline:linear_interp,46.15141588256876,7.417931684799118,26.698976015411162,62.30670532825489,,,,2,180,,False,m
